{
  "config": {
    "smoothing_cutoff_angstrom": 0.25,
    "target_error": 0.0001,
    "max_approximation_components": 20,
    "max_atomic_number": 18,
    "approximation_sampling_points": 2048,
    "preserve_charge": true
  },
  "potential": {
    "1": {
      "a": [
        0.24108631032561856,
        0.21630326998527963,
        0.12190151325917292,
        0.057961473580386766,
        0.013825937545277922
      ],
      "s": [
        0.05915661313727956,
        0.1008098787621009,
        0.19185636660486466,
        0.37553586135037964,
        0.7301757032673902
      ],
      "bubble": 1.968462533994075e-05
    },
    "2": {
      "a": [
        0.41620273382278866,
        0.4116711498384233,
        0.24446275747852705,
        0.11021373749796826,
        0.02190540821117181
      ],
      "s": [
        0.0576474565954468,
        0.09160696525223705,
        0.16170825718711423,
        0.29233797795704664,
        0.5339561863552115
      ],
      "bubble": 3.8838587593906654e-05
    },
    "3": {
      "a": [
        0.6629422958629785,
        -0.27660903217531807,
        0.8966287159803121,
        0.32843354245037626,
        0.11310068953348537,
        0.03929863120207434,
        0.012174836785758883
      ],
      "s": [
        0.05826642809945317,
        0.09460725854574145,
        0.09507835071808886,
        0.17332837329471948,
        0.3336763936990744,
        0.7334486865502517,
        1.4559442194245125
      ],
      "bubble": 5.846458123470423e-05
    },
    "4": {
      "a": [
        0.8170504739908669,
        0.7961535786124407,
        0.42491250203159,
        0.17246931452196376,
        0.08631764812481016,
        0.024961814293149073
      ],
      "s": [
        0.05749334491059481,
        0.0906229137512055,
        0.15876862512079096,
        0.2979603121711657,
        0.5838031475646063,
        1.0772751839293684
      ],
      "bubble": 7.781833151061152e-05
    },
    "5": {
      "a": [
        0.963680106056749,
        0.9584451657277476,
        0.5179395859120638,
        0.24431375011252865,
        0.13034899443129508,
        0.03088474087137745
      ],
      "s": [
        0.05703020647170305,
        0.08794812394133418,
        0.15148802644782278,
        0.2787382506285859,
        0.5168569344809992,
        0.9284370506990621
      ],
      "bubble": 9.682893749931429e-05
    },
    "6": {
      "a": [
        1.0392388388908065,
        1.1212562166929003,
        0.6450110188895188,
        0.34205580802722063,
        0.1764423935394544,
        0.03585264316186104
      ],
      "s": [
        0.056151409051827604,
        0.08365468293431515,
        0.1415125777865954,
        0.2550211455540078,
        0.46130235139600095,
        0.8196525460073784
      ],
      "bubble": 0.00011592704883285848
    },
    "7": {
      "a": [
        1.2490941669648765,
        -0.574207076088524,
        1.82557936781237,
        0.7108056069131362,
        0.3987975214308072,
        0.18932655661335987,
        0.029520054041397268
      ],
      "s": [
        0.056595551530272285,
        0.08556904035080465,
        0.08554471989318536,
        0.14522017768177015,
        0.25608482329753735,
        0.4454375500411889,
        0.7798520938431998
      ],
      "bubble": 0.00013365553074716016
    },
    "8": {
      "a": [
        1.0826000456355813,
        1.4391713712640772,
        0.9463451242443928,
        0.5535025449679019,
        0.267101259810892,
        0.04437825898235692
      ],
      "s": [
        0.0545326181212459,
        0.07651769454150181,
        0.12553595330960585,
        0.21875989116114164,
        0.3797120008508841,
        0.6719855544379177
      ],
      "bubble": 0.0001528313496144733
    },
    "9": {
      "a": [
        0.5615538095735733,
        1.8231231107612706,
        1.2725439482847454,
        0.7440436215957001,
        0.3547282885594661,
        0.05912877113314055
      ],
      "s": [
        0.05030661565373919,
        0.06669510417622014,
        0.10912783632687545,
        0.1908833651288262,
        0.3327588058280257,
        0.5926101540891553
      ],
      "bubble": 0.00017148372929638462
    },
    "10": {
      "a": [
        0.28803031517063676,
        2.088862704353243,
        1.508233561233849,
        0.9005891508919427,
        0.42163722230274825,
        0.06952379614501993
      ],
      "s": [
        0.046878320112352795,
        0.06286215064073007,
        0.1018132587645365,
        0.17606723891063694,
        0.30346695893653314,
        0.5373954688432727
      ],
      "bubble": 0.0001896126999641433
    },
    "11": {
      "a": [
        2.085921667384459,
        2.058695119600586,
        1.2747436848705036,
        0.5846898569306416,
        0.1020487033346858,
        0.023232001595647405
      ],
      "s": [
        0.05693694180073574,
        0.0883604321682708,
        0.1543162655995484,
        0.27353299493990507,
        0.5348220002180207,
        1.311464275091335
      ],
      "bubble": 0.00022061123114793129
    },
    "12": {
      "a": [
        2.167627570371365,
        2.1779056439961875,
        1.366073054819828,
        0.5843722704969099,
        0.12321998440264585,
        0.03859288584699281
      ],
      "s": [
        0.056849319012616424,
        0.0878229438362485,
        0.15199356494505786,
        0.2668967299421763,
        0.5487894932479608,
        1.132891538962978
      ],
      "bubble": 0.0002325799309526544
    },
    "13": {
      "a": [
        1.7632185267054952,
        -0.7095411311812704,
        2.9017643818456222,
        1.5839605800076633,
        0.8654225833194753,
        0.2577232694913077,
        0.11123517020603126,
        0.025756186861268168
      ],
      "s": [
        0.054906662173716425,
        0.07785477303545354,
        0.0774931404635252,
        0.12389161130450133,
        0.20418033098694024,
        0.35439907154492273,
        0.6822585299606166,
        1.2317668364097378
      ],
      "bubble": 0.00024466037368699883
    },
    "14": {
      "a": [
        1.285187840287371,
        -0.607615409848827,
        3.0952905675589766,
        1.921817215540095,
        1.064567864188551,
        0.33380091075682977,
        0.1611837253201203,
        0.03640527911912416
      ],
      "s": [
        0.05263375153772476,
        0.07016395386973388,
        0.07016268934524078,
        0.11164388230361522,
        0.18484472186395953,
        0.3242155645447096,
        0.6098428328295942,
        1.0905901772836053
      ],
      "bubble": 0.0002620647383342864
    },
    "15": {
      "a": [
        0.938141260024296,
        -0.4942359892215577,
        3.267664013802059,
        2.186532553935615,
        1.2144247948438611,
        0.40167988483525735,
        0.21142966280536069,
        0.04645896677719045
      ],
      "s": [
        0.05084410575566236,
        0.06632899779513526,
        0.0663296515495647,
        0.10479683887959992,
        0.17276130421731214,
        0.3047197251191371,
        0.5559119913188197,
        0.9766261468312424
      ],
      "bubble": 0.00027903218781990803
    },
    "16": {
      "a": [
        2.5949763229092757,
        2.857760369297842,
        1.7961553062978126,
        0.656228857996012,
        0.3217121131206955,
        0.07580401370439872
      ],
      "s": [
        0.0562993708452307,
        0.0844040894348151,
        0.1401379089533478,
        0.24632512823719746,
        0.46823059271011963,
        0.8402539543023707
      ],
      "bubble": 0.0002976683473849664
    },
    "17": {
      "a": [
        2.6919825942061824,
        3.02371460217483,
        1.8761434573058278,
        0.7085119710687423,
        0.3781167033139539,
        0.08613873486784751
      ],